,State,Non-Workers - PersonsGraduate and above other than Technical Degree,Non-Workers - PersonsIlliterate,Non-Workers - PersonsLiterate,Non-Workers - PersonsLiterate but below Matric/Secondary,Non-Workers - PersonsMatric/Secondary but below Graduate,Non-Workers - PersonsTechnical Degree or Diploma equal to Degree or Post-Graduate Degree,Non-Workers - PersonsTechnical Diploma or Certificate not equal to Degree,Non-Workers - PersonsTotal,Non-Workers - MalesGraduate and above other than Technical Degree,Non-Workers - MalesIlliterate,Non-Workers - MalesLiterate,Non-Workers - MalesLiterate but below Matric/Secondary,Non-Workers - MalesMatric/Secondary but below Graduate,Non-Workers - MalesTechnical Degree or Diploma equal to Degree or Post-Graduate Degree,Non-Workers - MalesTechnical Diploma or Certificate not equal to Degree,Non-Workers - MalesTotal,Non-Workers - FemalesGraduate and above other than Technical Degree,Non-Workers - FemalesIlliterate,Non-Workers - FemalesLiterate,Non-Workers - FemalesLiterate but below Matric/Secondary,Non-Workers - FemalesMatric/Secondary but below Graduate,Non-Workers - FemalesTechnical Degree or Diploma equal to Degree or Post-Graduate Degree,Non-Workers - FemalesTechnical Diploma or Certificate not equal to Degree,Non-Workers - FemalesTotal,"Main Activity Beggars, Vagrants etc. - PersonsGraduate and above other than Technical Degree","Main Activity Beggars, Vagrants etc. - PersonsIlliterate","Main Activity Beggars, Vagrants etc. - PersonsLiterate","Main Activity Beggars, Vagrants etc. - PersonsLiterate but below Matric/Secondary","Main Activity Beggars, Vagrants etc. - PersonsMatric/Secondary but below Graduate","Main Activity Beggars, Vagrants etc. - PersonsTechnical Degree or Diploma equal to Degree or Post-Graduate Degree","Main Activity Beggars, Vagrants etc. - PersonsTechnical Diploma or Certificate not equal to Degree","Main Activity Beggars, Vagrants etc. - PersonsTotal","Main Activity Beggars, Vagrants etc. - MalesGraduate and above other than Technical Degree","Main Activity Beggars, Vagrants etc. - MalesIlliterate","Main Activity Beggars, Vagrants etc. - MalesLiterate","Main Activity Beggars, Vagrants etc. - MalesLiterate but below Matric/Secondary","Main Activity Beggars, Vagrants etc. - MalesMatric/Secondary but below Graduate","Main Activity Beggars, Vagrants etc. - MalesTechnical Degree or Diploma equal to Degree or Post-Graduate Degree","Main Activity Beggars, Vagrants etc. - MalesTechnical Diploma or Certificate not equal to Degree","Main Activity Beggars, Vagrants etc. - MalesTotal","Main Activity Beggars, Vagrants etc. - FemalesGraduate and above other than Technical Degree","Main Activity Beggars, Vagrants etc. - FemalesIlliterate","Main Activity Beggars, Vagrants etc. - FemalesLiterate","Main Activity Beggars, Vagrants etc. - FemalesLiterate but below Matric/Secondary","Main Activity Beggars, Vagrants etc. - FemalesMatric/Secondary but below Graduate","Main Activity Beggars, Vagrants etc. - FemalesTechnical Degree or Diploma equal to Degree or Post-Graduate Degree","Main Activity Beggars, Vagrants etc. - FemalesTechnical Diploma or Certificate not equal to Degree","Main Activity Beggars, Vagrants etc. - FemalesTotal",Main Activity Students - PersonsGraduate and above other than Technical Degree,Main Activity Students - PersonsIlliterate,Main Activity Students - PersonsLiterate,Main Activity Students - PersonsLiterate but below Matric/Secondary,Main Activity Students - PersonsMatric/Secondary but below Graduate,Main Activity Students - PersonsTechnical Degree or Diploma equal to Degree or Post-Graduate Degree,Main Activity Students - PersonsTechnical Diploma or Certificate not equal to Degree,Main Activity Students - PersonsTotal,Main Activity Students - MalesGraduate and above other than Technical Degree,Main Activity Students - MalesIlliterate,Main Activity Students - MalesLiterate,Main Activity Students - MalesLiterate but below Matric/Secondary,Main Activity Students - MalesMatric/Secondary but below Graduate,Main Activity Students - MalesTechnical Degree or Diploma equal to Degree or Post-Graduate Degree,Main Activity Students - MalesTechnical Diploma or Certificate not equal to Degree,Main Activity Students - MalesTotal,Main Activity Students - FemalesGraduate and above other than Technical Degree,Main Activity Students - FemalesIlliterate,Main Activity Students - FemalesLiterate,Main Activity Students - FemalesLiterate but below Matric/Secondary,Main Activity Students - FemalesMatric/Secondary but below Graduate,Main Activity Students - FemalesTechnical Degree or Diploma equal to Degree or Post-Graduate Degree,Main Activity Students - FemalesTechnical Diploma or Certificate not equal to Degree,Main Activity Students - FemalesTotal,Main Activity Household Duties - PersonsGraduate and above other than Technical Degree,Main Activity Household Duties - PersonsIlliterate,Main Activity Household Duties - PersonsLiterate,Main Activity Household Duties - PersonsLiterate but below Matric/Secondary,Main Activity Household Duties - PersonsMatric/Secondary but below Graduate,Main Activity Household Duties - PersonsTechnical Degree or Diploma equal to Degree or Post-Graduate Degree,Main Activity Household Duties - PersonsTechnical Diploma or Certificate not equal to Degree,Main Activity Household Duties - PersonsTotal,Main Activity Household Duties - MalesGraduate and above other than Technical Degree,Main Activity Household Duties - MalesIlliterate,Main Activity Household Duties - MalesLiterate,Main Activity Household Duties - MalesLiterate but below Matric/Secondary,Main Activity Household Duties - MalesMatric/Secondary but below Graduate,Main Activity Household Duties - MalesTechnical Degree or Diploma equal to Degree or Post-Graduate Degree,Main Activity Household Duties - MalesTechnical Diploma or Certificate not equal to Degree,Main Activity Household Duties - MalesTotal,Main Activity Household Duties - FemalesGraduate and above other than Technical Degree,Main Activity Household Duties - FemalesIlliterate,Main Activity Household Duties - FemalesLiterate,Main Activity Household Duties - FemalesLiterate but below Matric/Secondary,Main Activity Household Duties - FemalesMatric/Secondary but below Graduate,Main Activity Household Duties - FemalesTechnical Degree or Diploma equal to Degree or Post-Graduate Degree,Main Activity Household Duties - FemalesTechnical Diploma or Certificate not equal to Degree,Main Activity Household Duties - FemalesTotal,Main Activity Dependents - PersonsGraduate and above other than Technical Degree,Main Activity Dependents - PersonsIlliterate,Main Activity Dependents - PersonsLiterate,Main Activity Dependents - PersonsLiterate but below Matric/Secondary,Main Activity Dependents - PersonsMatric/Secondary but below Graduate,Main Activity Dependents - PersonsTechnical Degree or Diploma equal to Degree or Post-Graduate Degree,Main Activity Dependents - PersonsTechnical Diploma or Certificate not equal to Degree,Main Activity Dependents - PersonsTotal,Main Activity Dependents - MalesGraduate and above other than Technical Degree,Main Activity Dependents - MalesIlliterate,Main Activity Dependents - MalesLiterate,Main Activity Dependents - MalesLiterate but below Matric/Secondary,Main Activity Dependents - MalesMatric/Secondary but below Graduate,Main Activity Dependents - MalesTechnical Degree or Diploma equal to Degree or Post-Graduate Degree,Main Activity Dependents - MalesTechnical Diploma or Certificate not equal to Degree,Main Activity Dependents - MalesTotal,Main Activity Dependents - FemalesGraduate and above other than Technical Degree,Main Activity Dependents - FemalesIlliterate,Main Activity Dependents - FemalesLiterate,Main Activity Dependents - FemalesLiterate but below Matric/Secondary,Main Activity Dependents - FemalesMatric/Secondary but below Graduate,Main Activity Dependents - FemalesTechnical Degree or Diploma equal to Degree or Post-Graduate Degree,Main Activity Dependents - FemalesTechnical Diploma or Certificate not equal to Degree,Main Activity Dependents - FemalesTotal,Main Activity Pensioners - PersonsGraduate and above other than Technical Degree,Main Activity Pensioners - PersonsIlliterate,Main Activity Pensioners - PersonsLiterate,Main Activity Pensioners - PersonsLiterate but below Matric/Secondary,Main Activity Pensioners - PersonsMatric/Secondary but below Graduate,Main Activity Pensioners - PersonsTechnical Degree or Diploma equal to Degree or Post-Graduate Degree,Main Activity Pensioners - PersonsTechnical Diploma or Certificate not equal to Degree,Main Activity Pensioners - PersonsTotal,Main Activity Pensioners - MalesGraduate and above other than Technical Degree,Main Activity Pensioners - MalesIlliterate,Main Activity Pensioners - MalesLiterate,Main Activity Pensioners - MalesLiterate but below Matric/Secondary,Main Activity Pensioners - MalesMatric/Secondary but below Graduate,Main Activity Pensioners - MalesTechnical Degree or Diploma equal to Degree or Post-Graduate Degree,Main Activity Pensioners - MalesTechnical Diploma or Certificate not equal to Degree,Main Activity Pensioners - MalesTotal,Main Activity Pensioners - FemalesGraduate and above other than Technical Degree,Main Activity Pensioners - FemalesIlliterate,Main Activity Pensioners - FemalesLiterate,Main Activity Pensioners - FemalesLiterate but below Matric/Secondary,Main Activity Pensioners - FemalesMatric/Secondary but below Graduate,Main Activity Pensioners - FemalesTechnical Degree or Diploma equal to Degree or Post-Graduate Degree,Main Activity Pensioners - FemalesTechnical Diploma or Certificate not equal to Degree,Main Activity Pensioners - FemalesTotal,Main Activity Rentiers - PersonsGraduate and above other than Technical Degree,Main Activity Rentiers - PersonsIlliterate,Main Activity Rentiers - PersonsLiterate,Main Activity Rentiers - PersonsLiterate but below Matric/Secondary,Main Activity Rentiers - PersonsMatric/Secondary but below Graduate,Main Activity Rentiers - PersonsTechnical Degree or Diploma equal to Degree or Post-Graduate Degree,Main Activity Rentiers - PersonsTechnical Diploma or Certificate not equal to Degree,Main Activity Rentiers - PersonsTotal,Main Activity Rentiers - MalesGraduate and above other than Technical Degree,Main Activity Rentiers - MalesIlliterate,Main Activity Rentiers - MalesLiterate,Main Activity Rentiers - MalesLiterate but below Matric/Secondary,Main Activity Rentiers - MalesMatric/Secondary but below Graduate,Main Activity Rentiers - MalesTechnical Degree or Diploma equal to Degree or Post-Graduate Degree,Main Activity Rentiers - MalesTechnical Diploma or Certificate not equal to Degree,Main Activity Rentiers - MalesTotal,Main Activity Rentiers - FemalesGraduate and above other than Technical Degree,Main Activity Rentiers - FemalesIlliterate,Main Activity Rentiers - FemalesLiterate,Main Activity Rentiers - FemalesLiterate but below Matric/Secondary,Main Activity Rentiers - FemalesMatric/Secondary but below Graduate,Main Activity Rentiers - FemalesTechnical Degree or Diploma equal to Degree or Post-Graduate Degree,Main Activity Rentiers - FemalesTechnical Diploma or Certificate not equal to Degree,Main Activity Rentiers - FemalesTotal,Main Activity Others - PersonsGraduate and above other than Technical Degree,Main Activity Others - PersonsIlliterate,Main Activity Others - PersonsLiterate,Main Activity Others - PersonsLiterate but below Matric/Secondary,Main Activity Others - PersonsMatric/Secondary but below Graduate,Main Activity Others - PersonsTechnical Degree or Diploma equal to Degree or Post-Graduate Degree,Main Activity Others - PersonsTechnical Diploma or Certificate not equal to Degree,Main Activity Others - PersonsTotal,Main Activity Others - MalesGraduate and above other than Technical Degree,Main Activity Others - MalesIlliterate,Main Activity Others - MalesLiterate,Main Activity Others - MalesLiterate but below Matric/Secondary,Main Activity Others - MalesMatric/Secondary but below Graduate,Main Activity Others - MalesTechnical Degree or Diploma equal to Degree or Post-Graduate Degree,Main Activity Others - MalesTechnical Diploma or Certificate not equal to Degree,Main Activity Others - MalesTotal,Main Activity Others - FemalesGraduate and above other than Technical Degree,Main Activity Others - FemalesIlliterate,Main Activity Others - FemalesLiterate,Main Activity Others - FemalesLiterate but below Matric/Secondary,Main Activity Others - FemalesMatric/Secondary but below Graduate,Main Activity Others - FemalesTechnical Degree or Diploma equal to Degree or Post-Graduate Degree,Main Activity Others - FemalesTechnical Diploma or Certificate not equal to Degree,Main Activity Others - FemalesTotal,MaleNo Education,FemaleNo Education,Male_Below Matric/Secondary,Female_Below Matric/Secondary,Male_Below Graduate,Female_Below Graduate,Male_Above Graduate,Female_Above Graduate,Year,Male upto 14 years,Male 15-29 years,Male 30-44 years,Male 45-59 years,Male 60 years and above,Total Male,Female upto 14 years,Female 15-29 years,Female 30-44 years,Female 45-59 years,Female 60 years and above,Total Female,Grand Total,%ageofPersons (Total),No.ofPersons(lakhs) (Total)
0, Andaman & Nicobar Islands,6333,67178,160868,108094,40370,1150,1513,228046,1398,25618,56364,39876,13184,421,637,81982,4935,41560,104504,68218,27186,729,876,146064,2,14,35,13,16,0,1,49,1,5,10,6,2,0,0,15,1,9,25,7,14,0,1,34,1063,13014,77477,58354,16820,291,579,90491,466,6584,39605,30189,8289,137,313,46189,597,6430,37872,28165,8531,154,266,44302,2202,14015,45509,29804,11532,215,158,59524,42,641,1535,1100,321,6,10,2176,2160,13374,43974,28704,11211,209,148,57348,191,34215,6769,4679,1344,45,33,40984,78,16228,2915,2077,561,18,12,19143,113,17987,3854,2602,783,27,21,21841,228,3433,5727,3798,1274,81,72,9160,178,1492,4107,2701,963,67,52,5599,50,1941,1620,1097,311,14,20,3561,8,120,277,193,50,5,2,397,6,36,147,93,35,3,2,183,2,84,130,100,15,2,0,214,2639,2367,25074,11253,9334,513,668,27441,627,632,8045,3710,3013,190,248,8677,2012,1735,17029,7543,6321,323,420,18764,3,1,52,19,37,22,2,0,2011,0,3,5,2,0,10,0,0,0,1,0,1,11,1.0,0.04
1, Andhra Pradesh,1684053,16961578,28196293,16291298,7813178,702312,282912,45157871,685788,6445327,11811224,6899112,3126487,395473,202247,18256551,998265,10516251,16385069,9392186,4686691,306839,80665,26901320,182,21826,4652,2637,705,55,19,26478,109,10952,3238,1981,466,33,14,14190,73,10874,1414,656,239,22,5,12288,557461,3352462,17821966,11830770,4514678,351060,184351,21174428,359611,1724907,9634240,6158383,2524118,230419,137300,11359147,197850,1627555,8187726,5672387,1990560,120641,47051,9815281,627985,2962943,6488964,2930574,2229060,115943,22713,9451907,17487,98496,152763,59854,44724,6253,2567,251259,610498,2864447,6336201,2870720,2184336,109690,20146,9200648,93386,8952398,1579724,854313,352588,27816,10427,10532122,39057,4052381,651126,353535,133576,14922,8159,4703507,54329,4900017,928598,500778,219012,12894,2268,5828615,93957,1211148,648305,264435,179470,30513,14795,1859453,80152,361327,443152,147359,140726,25691,12330,804479,13805,849821,205153,117076,38744,4822,2465,1054974,4257,20088,35980,16446,10041,999,511,56068,2934,6530,19229,7365,5987,743,457,25759,1323,13558,16751,9081,4054,256,54,30309,306825,440713,1616702,392123,526636,175926,50096,2057415,186438,190734,907476,170635,276890,117412,41420,1098210,120387,249979,709226,221488,249746,58514,8676,959205,3015,1724,4306,2035,2493,1122,306,76,2011,0,181,248,98,8,535,0,59,30,14,4,107,642,9.2,78.78
2, Arunachal Pradesh,13537,355609,440461,322414,92214,1981,1231,796070,6230,154419,209220,153529,43255,1225,855,363639,7307,201190,231241,168885,48959,756,376,432431,2,61,31,20,6,0,0,92,1,28,19,13,4,0,0,47,1,33,12,7,2,0,0,45,5723,72747,352645,273991,67807,1151,888,425392,3144,36460,184095,141562,36199,749,644,220555,2579,36287,168550,132429,31608,402,244,204837,2475,41374,43230,26442,11844,127,55,84604,125,3267,2111,1272,498,8,8,5378,2350,38107,41119,25170,11346,119,47,79226,600,227424,14322,9160,2325,69,25,241746,263,108820,6805,4437,950,43,16,115625,337,118604,7517,4723,1375,26,9,126121,158,1621,1648,985,380,28,6,3269,140,753,1290,764,292,25,6,2043,18,868,358,221,88,3,0,1226,21,339,238,130,66,4,0,577,18,156,173,84,53,4,0,329,3,183,65,46,13,0,0,248,4558,12043,28347,11686,9786,602,257,40390,2539,4935,14727,5397,5259,396,181,19662,2019,7108,13620,6289,4527,206,76,20728,21,12,53,18,25,4,0,1,2011,0,5,2,0,0,7,1,2,0,0,0,3,10,34.67,4.91
3, Assam,333647,8166257,11069629,8281329,2002325,23865,13259,19235886,118601,3065412,4332471,3308468,756592,13357,9887,7397883,215046,5100845,6737158,4972861,1245733,10508,3372,11838003,31,17775,2539,1907,190,3,1,20314,21,5131,1472,1104,142,3,1,6603,10,12644,1067,803,48,0,0,13711,58422,1030860,6310632,5257237,916966,8112,7176,7341492,28797,520176,3230364,2673105,481438,5374,5441,3750540,29625,510684,3080268,2584132,435528,2738,1735,3590952,98359,1692442,2583044,1760268,534215,3761,850,4275486,4317,77413,139020,97375,25387,231,164,216433,94042,1615029,2444024,1662893,508828,3530,686,4059053,13901,4989939,709346,540453,81103,877,348,5699285,5371,2350732,300395,231917,30058,368,261,2651127,8530,2639207,408951,308536,51045,509,87,3048158,28885,61191,181512,81490,54574,3573,1664,242703,24346,15012,120117,43556,40740,3131,1587,135129,4539,46179,61395,37934,13834,442,77,107574,1167,5823,10998,5858,3097,72,49,16821,778,2209,5148,2371,1555,57,48,7357,389,3614,5850,3487,1542,15,1,9464,132882,368227,1271558,634116,412180,7467,3171,1639785,54971,94739,535955,259040,177272,4193,2385,630694,77911,273488,735603,375076,234908,3274,786,1009091,286,199,928,519,578,170,34,12,2011,0,7,15,21,5,48,0,6,5,0,0,11,59,31.98,101.27
4, Bihar,1071449,35779912,33594553,24928665,5853059,112005,17767,69374465,563409,13345117,15710851,11684296,2756073,80391,14439,29055968,508040,22434795,17883702,13244369,3096986,31614,3328,40318497,95,22269,3588,2184,443,16,1,25857,78,9848,2735,1728,370,11,1,12583,17,12421,853,456,73,5,0,13274,376639,3974986,23391689,19271276,3261882,59351,11728,27366675,262352,2026182,12994233,10390994,2041843,47201,10138,15020415,114287,1948804,10397456,8880282,1220039,12150,1590,12346260,303819,8571959,5966657,3493366,1531249,13234,1373,14538616,17258,327576,275866,151935,68179,1177,171,603442,286561,8244383,5690791,3341431,1463070,12057,1202,13935174,66709,21846603,2044190,1283761,319019,4461,662,23890793,39266,10522461,1050367,648796,163519,3117,525,11572828,27443,11324142,993823,634965,155500,1344,137,12317965,70865,177616,319906,94394,123038,9492,1081,497522,65718,49452,263317,64488,109412,8831,1049,312769,5147,128164,56589,29906,13626,661,32,184753,2237,13477,14264,5906,4510,184,23,27741,1879,5179,9141,3017,3273,155,21,14320,358,8298,5123,2889,1237,29,2,13421,251085,1173002,1854259,777778,612918,25267,2899,3027261,176858,404419,1115192,423338,369477,19899,2534,1519611,74227,768583,739067,354440,243441,5368,365,1507650,113,113,198,161,106,64,29,11,2011,0,14,22,12,1,49,0,5,2,0,0,7,56,33.74,358.15
5, Chandigarh,66279,192958,458356,228674,136571,13927,6257,651314,18518,74326,178178,99854,48785,5662,3743,252504,47761,118632,280178,128820,87786,8265,2514,398810,5,74,40,26,9,0,0,114,2,51,32,23,7,0,0,83,3,23,8,3,2,0,0,31,13540,43603,251356,160483,68272,5305,2822,294959,6069,23417,138255,89412,37121,2970,2126,161672,7471,20186,113101,71071,31151,2335,696,133287,31151,47792,136069,48654,48010,3710,919,183861,220,702,1422,611,464,45,22,2124,30931,47090,134647,48043,47546,3665,897,181737,2317,95091,18539,9457,5046,395,200,113630,816,47741,7938,4212,2161,164,110,55679,1501,47350,10601,5245,2885,231,90,57951,10143,2395,22699,2863,5778,1997,1537,25094,8003,966,16832,1791,4469,1399,943,17798,2140,1429,5867,1072,1309,598,594,7296,401,317,1258,335,396,59,44,1575,297,157,900,215,298,44,34,1057,104,160,358,120,98,15,10,518,8722,3686,28395,6856,9060,2461,735,32081,3111,1292,12799,3590,4265,1040,508,14091,5611,2394,15596,3266,4795,1421,227,17990,2,0,11,14,34,31,10,3,2011,0,8,1,1,0,10,0,2,0,0,0,2,12,21.81,2.35
6, Chhattisgarh,302597,5617213,7747760,5914572,1336854,42641,17128,13364973,86548,2298382,3400647,2665531,564093,24184,12811,5699029,216049,3318831,4347113,3249041,772761,18457,4317,7665944,27,7491,1864,1503,172,4,3,9355,23,3050,1498,1224,143,4,3,4548,4,4441,366,279,29,0,0,4807,64206,958185,5444481,4528843,790335,21207,9868,6402666,32950,487241,2828357,2325490,431687,13574,7532,3315598,31256,470944,2616124,2203353,358648,7633,2336,3087068,142967,640332,1302967,775098,327220,6518,1256,1943299,2155,22454,34292,23365,6658,200,88,56746,140812,617878,1268675,751733,320562,6318,1168,1886553,15931,3649208,433869,324188,61535,1779,884,4083077,7343,1695671,224277,169395,31345,1149,746,1919948,8588,1953537,209592,154793,30190,630,138,2163129,17036,236198,122429,64082,30543,2817,1304,358627,14671,58313,90091,42697,25571,2507,1227,148404,2365,177885,32338,21385,4972,310,77,210223,771,4910,6112,3283,1612,124,92,11022,583,1652,3995,1944,1159,111,86,5647,188,3258,2117,1339,453,13,6,5375,61659,120889,436038,217575,125437,10192,3721,556927,28823,30001,218137,101416,67530,6639,3129,248138,32836,90888,217901,116159,57907,3553,592,308789,963,692,2510,1166,1006,357,48,14,2011,3,182,246,146,15,592,0,18,11,3,2,34,626,39.93,104.11
7, Dadra & Nagar Haveli,4759,77491,109057,76811,20631,1178,1113,186548,650,30206,44261,34536,6804,453,533,74467,4109,47285,64796,42275,13827,725,580,112081,0,15,3,3,0,0,0,18,0,4,2,2,0,0,0,6,0,11,1,1,0,0,0,12,787,10935,70739,58168,9590,534,644,81674,408,5650,38917,31517,5702,304,386,44567,379,5285,31822,26651,3888,230,258,37107,3367,15658,29245,13688,9193,342,192,44903,23,420,730,487,134,4,3,1150,3344,15238,28515,13201,9059,338,189,43753,92,49023,4180,2815,584,24,25,53203,56,23577,2027,1349,267,15,18,25604,36,25446,2153,1466,317,9,7,27599,79,59,650,183,204,30,103,709,61,13,447,115,160,22,55,460,18,46,203,68,44,8,48,249,8,115,226,164,37,2,0,341,5,35,162,111,32,1,0,197,3,80,64,53,5,1,0,144,426,1686,4014,1790,1023,246,149,5700,97,507,1976,955,509,107,71,2483,329,1179,2038,835,514,139,78,3217,11,11,23,7,7,4,0,0,2011,0,0,0,0,0,0,0,0,0,0,0,0,0,39.31,1.43
8, Daman & Diu,3330,41430,80546,50531,22635,678,946,121976,610,16051,26816,18463,6369,298,477,42867,2720,25379,53730,32068,16266,380,469,79109,0,16,3,3,0,0,0,19,0,10,2,2,0,0,0,12,0,6,1,1,0,0,0,7,442,6830,37599,28352,7694,235,460,44429,230,3578,20416,15212,4272,158,299,23994,212,3252,17183,13140,3422,77,161,20435,2035,8591,30593,16040,10826,195,145,39184,29,214,706,405,209,6,13,920,2006,8377,29887,15635,10617,189,132,38264,185,25149,5305,3383,1260,35,43,30454,72,12024,2364,1595,485,19,25,14388,113,13125,2941,1788,775,16,18,16066,103,137,1084,442,325,52,116,1221,90,40,842,348,272,42,59,882,13,97,242,94,53,10,57,339,5,38,200,126,53,2,5,238,5,12,134,76,40,2,5,146,0,26,66,50,13,0,0,92,560,669,5762,2185,2477,159,177,6431,184,173,2352,825,1091,71,76,2525,376,496,3410,1360,1386,88,101,3906,1,0,8,3,8,10,1,2,2011,0,0,0,0,0,0,0,0,0,0,0,0,0,9.86,0.26
9, Goa,44143,236109,645188,333764,189417,7954,12798,881297,11139,92189,227415,131509,60918,3393,6179,319604,33004,143920,417773,202255,128499,4561,6619,561693,15,109,120,34,25,2,0,229,4,54,67,25,16,1,0,121,11,55,53,9,9,1,0,108,6807,57147,270009,183433,67283,2579,4857,327156,2832,29294,138850,95410,33157,1374,3210,168144,3975,27853,131159,88023,34126,1205,1647,159012,19275,45055,207693,85300,69580,1706,3182,252748,563,2361,8707,4177,2542,71,155,11068,18712,42694,198986,81123,67038,1635,3027,241680,2869,119860,56930,28309,13211,473,789,176790,1051,55427,24321,12913,5551,227,424,79748,1818,64433,32609,15396,7660,246,365,97042,3918,6834,25957,8597,7735,1308,937,32791,2972,2195,18258,6152,5800,792,672,20453,946,4639,7699,2445,1935,516,265,12338,476,435,3391,1176,1145,120,99,3826,351,207,2551,877,898,81,77,2758,125,228,840,299,247,39,22,1068,10783,6669,81088,26915,30438,1766,2934,87757,3366,2651,34661,11955,12954,847,1641,37312,7417,4018,46427,14960,17484,919,1293,50445,121,72,451,222,539,237,57,17,2011,1,210,130,25,4,370,1,40,10,3,1,55,425,9.91,16.96
10, Gujarat,1133229,13198428,22473517,15139143,4623073,225301,240149,35671945,272336,5006738,8483608,6032305,1641922,119723,135208,13490346,860893,8191690,13989909,9106838,2981151,105578,104941,22181599,78,9100,3484,2400,446,11,14,12584,55,5379,2656,1860,346,7,12,8035,23,3721,828,540,100,4,2,4549,242748,1955554,11981508,9202812,2126266,109522,118896,13937062,126644,1043916,6699923,5069267,1241830,73955,81863,7743839,116104,911638,5281585,4133545,884436,35567,37033,6193223,674381,3034224,7685220,4328864,1949699,54354,40149,10719444,12366,79289,178845,104853,41373,1988,1612,258134,662015,2954935,7506375,4224011,1908326,52366,38537,10461310,50428,7970013,1605658,1122453,218017,10098,10620,9575671,29655,3790840,839103,573449,129519,7248,7066,4629943,20773,4179173,766555,549004,88498,2850,3554,4945728,62900,35654,326311,85021,95773,22851,40003,361965,52733,11155,245398,56320,78883,18709,25480,256553,10167,24499,80913,28701,16890,4142,14523,105412,1272,7912,15569,8770,3784,262,246,23481,887,2941,9541,4995,2567,223,201,12482,385,4971,6028,3775,1217,39,45,10999,101422,185971,855767,388823,229088,28203,30221,1041738,49996,73218,508142,221561,147404,17593,18974,581360,51426,112753,347625,167262,81684,10610,11247,460378,20,12,103,46,68,36,4,4,2011,1,13,12,13,4,43,1,5,2,0,0,8,51,5.09,0.75
11, Haryana,663267,6473678,9961276,6117931,2701822,156231,101997,16434954,200024,2392833,4295265,2750643,1137821,72662,67222,6688098,463243,4080845,5666011,3367288,1564001,83569,34775,9746856,62,6043,1928,1319,318,7,9,7971,47,4225,1706,1198,282,6,7,5931,15,1818,222,121,36,1,2,2040,174580,918469,6116303,4310135,1453471,75971,63280,7034772,90020,503250,3467031,2418934,842145,46163,46598,3970281,84560,415219,2649272,1891201,611326,29808,16682,3064491,292955,1683351,2536343,1265459,826101,34879,9017,4219694,6580,45229,67379,33642,21759,1012,497,112608,286375,1638122,2468964,1231817,804342,33867,8520,4107086,26563,3295081,393025,232300,93095,4257,2343,3688106,10589,1658549,200505,119108,49875,2068,1520,1859054,15974,1636532,192520,113192,43220,2189,823,1829052,46760,416765,310120,114849,104815,11666,15281,726885,39201,129887,237845,78313,91582,9371,10201,367732,7559,286878,72275,36536,13233,2295,5080,359153,973,3962,7259,2970,2783,131,130,11221,702,1547,4846,1776,2035,99,100,6393,271,2415,2413,1194,748,32,30,4828,121374,150007,596298,190899,221239,29320,11937,746305,52885,50146,315953,97672,130143,13943,8299,366099,68489,99861,280345,93227,91096,15377,3638,380206,636,538,2238,1435,957,451,81,46,2011,2,163,182,82,14,443,0,24,18,6,0,48,491,16.63,102.23
12, Himachal Pradesh,122285,1152932,2152248,1287899,652784,24628,21004,3305180,40204,489842,948658,597133,271698,11283,12861,1438500,82081,663090,1203590,690766,381086,13345,8143,1866680,13,528,181,113,44,1,0,709,10,304,147,93,36,1,0,451,3,224,34,20,8,0,0,258,32756,195990,1391623,975971,352019,9987,11405,1587613,14123,103684,740479,522355,185234,5417,7754,844163,18633,92306,651144,453616,166785,4570,3651,743450,36993,141224,404364,186036,160088,3619,1489,545588,1281,7306,17164,8004,6666,198,138,24470,35712,133918,387200,178032,153422,3421,1351,521118,2740,746329,64480,39379,14208,442,310,810809,1200,357635,33225,21068,7311,252,202,390860,1540,388694,31255,18311,6897,190,108,419949,13502,47353,103872,38596,41209,2827,3641,151225,11538,14690,82285,27492,36177,2200,2241,96975,1964,32663,21587,11104,5032,627,1400,54250,190,601,1372,601,488,17,28,1973,135,232,823,311,318,11,20,1055,55,369,549,290,170,6,8,918,36091,20907,186356,47203,84728,7735,4131,207263,11917,5991,74535,17810,35956,3204,2506,80526,24174,14916,111821,29393,48772,4531,1625,126737,575,155,879,288,951,315,59,23,2011,4,91,146,75,16,332,0,15,11,17,1,44,376,11.16,28.83
13, Jammu & Kashmir,222325,3920165,4298424,2745741,1134483,62658,25893,8218589,94908,1451673,1993899,1305415,504230,31203,13277,3445572,127417,2468492,2304525,1440326,630253,31455,12616,4773017,18,3182,511,318,93,3,1,3693,12,1836,399,265,76,1,0,2235,6,1346,112,53,17,2,1,1458,81755,526079,2989041,2153183,683395,25592,14027,3515120,43871,274719,1625241,1163305,376597,13871,8415,1899960,37884,251360,1363800,989878,306798,11721,5612,1615160,44853,995368,649754,338539,220764,7208,3897,1645122,1610,47684,30897,17337,9028,387,152,78581,43243,947684,618857,321202,211736,6821,3745,1566541,6970,2139077,140683,79525,32530,1490,966,2279760,2640,1060567,66482,38903,14084,645,411,1127049,4330,1078510,74201,40622,18446,845,555,1152711,16089,30685,96394,31062,38172,6393,1247,127079,13762,14506,83407,26571,33819,5477,1127,97913,2327,16179,12987,4491,4353,916,120,29166,250,1240,1668,608,599,87,20,2908,198,675,1219,426,450,69,14,1894,52,565,449,182,149,18,6,1014,72390,224534,420373,142506,158930,21885,5735,644907,32815,51686,186254,58608,70176,10753,3158,237940,39575,172848,234119,83898,88754,11132,2577,406967,37,12,69,61,137,93,26,8,2011,0,9,7,0,1,17,0,4,2,0,0,6,23,8.06,5.59
14, Jharkhand,497689,9037779,10852081,7818683,2145732,50312,31169,19889860,207312,3510463,4995083,3612297,1002019,31600,25493,8505546,290377,5527316,5856998,4206386,1143713,18712,5676,11384314,31,8488,1329,881,154,3,0,9817,25,3897,1016,714,130,2,0,4913,6,4591,313,167,24,1,0,4904,139570,1220888,7597145,6098484,1253068,22230,19125,8818033,84197,620582,4114782,3206281,753183,16022,15646,4735364,55373,600306,3482363,2892203,499885,6208,3479,4082669,170572,1642646,1838241,1027251,515754,6635,1162,3480887,5206,64289,69854,41819,16300,331,237,134143,165366,1578357,1768387,985432,499454,6304,925,3346744,27300,5702665,557522,354629,97497,2031,1330,6260187,14650,2697854,286815,179829,51642,1335,1179,2984669,12650,3004811,270707,174800,45855,696,151,3275518,29741,154581,165905,61709,56857,4777,2946,320486,26582,49651,137255,47611,49813,4050,2764,186906,3159,104930,28650,14098,7044,727,182,133580,1144,5270,7590,3187,2566,118,115,12860,941,1966,4985,1719,1874,102,107,6951,203,3304,2605,1468,692,16,8,5909,129331,303241,684349,272542,219836,14518,6491,987590,75711,72224,380376,134324,129077,9758,5560,452600,53620,231017,303973,138218,90759,4760,931,534990,45,35,44,61,48,40,7,7,2011,0,2,12,4,0,18,0,15,3,0,0,18,36,10.35,13.27
15, Karnataka,1057793,12066112,21156588,12717377,5690063,401783,277103,33222700,323431,4547373,8149168,5270410,1893630,187205,182572,12696541,734362,7518739,13007420,7446967,3796433,214578,94531,20526159,125,8135,2547,1446,459,44,23,10682,74,3961,1642,1003,249,28,19,5603,51,4174,905,443,210,16,4,5079,235233,1714186,12096559,8734898,2608555,175540,150838,13810745,136564,870115,6412434,4553010,1392185,104753,113382,7282549,98669,844071,5684125,4181888,1216370,70787,37456,6528196,494219,2119632,5770166,2552087,2119794,87721,36231,7889798,9274,60154,128974,62759,39879,2908,2408,189128,484945,2059478,5641192,2489328,2079915,84813,33823,7700670,96146,7716408,1736335,981513,415333,25046,15723,9452743,29610,3438237,672598,405781,136715,10093,9838,4110835,66536,4278171,1063737,575732,278618,14953,5885,5341908,76393,276598,417802,122476,130359,25457,27202,694400,63605,69479,297940,69545,100448,21773,20918,367419,12788,207119,119862,52931,29911,3684,6284,326981,5647,15391,43036,15812,15849,1480,1410,58427,4044,5499,25894,7972,9880,1263,1240,31393,1603,9892,17142,7840,5969,217,170,27034,150030,215762,1090143,309145,399714,86495,45676,1305905,80260,99928,609686,170340,214274,46387,34767,709614,69770,115834,480457,138805,185440,40108,10909,596291,148,100,287,137,315,114,75,36,2011,0,23,44,17,1,85,0,2,1,2,1,6,91,36.96,124.33
16, Kerala,999580,4682857,17104141,9465387,5238900,229521,430682,21786998,252474,2036803,5539040,3360289,1464826,88029,190062,7575843,747106,2646054,11565101,6105098,3774074,141492,240620,14211155,24,2182,1533,1115,198,5,16,3715,14,1168,1032,765,132,4,10,2200,10,1014,501,350,66,1,6,1515,164457,994508,7047959,4811760,1769540,77041,138027,8042467,76172,505291,3601754,2478312,884418,37746,78560,4107045,88285,489217,3446205,2333448,885122,39295,59467,3935422,300263,412288,5263820,2620298,1926626,25970,56772,5676108,5634,25194,139827,82923,38057,846,3306,165021,294629,387094,5123993,2537375,1888569,25124,53466,5511087,31721,3166379,1584070,1174529,232094,4209,12131,4750449,9839,1464420,612554,466897,78337,1632,6162,2076974,21882,1701959,971516,707632,153757,2577,5969,2673475,94745,28466,596625,138569,207949,31508,87689,625091,67801,7976,404043,92830,158030,17100,45450,412019,26944,20490,192582,45739,49919,14408,42239,213072,2874,2588,37772,18645,12513,298,1112,40360,1767,1015,20386,10051,6317,172,844,21401,1107,1573,17386,8594,6196,126,268,18959,405496,76446,2572362,700471,1089980,90490,134935,2648808,91247,31739,759444,228511,299535,30529,55730,791183,314249,44707,1812918,471960,790445,59961,79205,1857625,2111,1301,3788,1693,2207,984,366,172,2011,0,256,362,154,28,800,2,86,14,14,8,124,924,20.91,129.76
17, Lakshadweep,590,11390,34330,23885,7659,199,196,45720,254,4717,13088,8780,3342,102,106,17805,336,6673,21242,15105,4317,97,90,27915,0,1,1,1,0,0,0,2,0,0,0,0,0,0,0,0,0,1,1,1,0,0,0,2,163,2898,14075,10770,2987,42,39,16973,60,1471,6980,5400,1444,21,22,8451,103,1427,7095,5370,1543,21,17,8522,57,2195,9091,6786,1269,17,21,11286,7,134,816,550,149,5,4,950,50,2061,8275,6236,1120,12,17,10336,3,5727,679,459,38,0,0,6406,1,2829,368,260,21,0,0,3197,2,2898,311,199,17,0,0,3209,27,112,858,523,171,18,31,970,27,84,760,462,152,18,27,844,0,28,98,61,19,0,4,126,0,3,25,16,7,1,1,28,0,2,24,16,6,1,1,26,0,1,1,0,1,0,0,2,340,454,9601,5330,3187,121,104,10055,159,197,4140,2092,1570,57,52,4337,181,257,5461,3238,1617,64,52,5718,100,70,3216,1067,2638,954,258,128,2011,0,94,165,117,54,430,0,54,40,10,11,115,545,7.05,23.95
18, Madhya Pradesh,1115670,17260434,23792242,17818209,3949428,175728,41719,41052676,360062,7019178,10446158,7981848,1746308,102365,31755,17465336,755608,10241256,13346084,9836361,2203120,73363,9964,23587340,162,19051,6552,4985,662,16,5,25603,128,9941,5601,4363,565,12,4,15542,34,9110,951,622,97,4,1,10061,277370,2734379,16303744,13432816,2326571,92769,25781,19038123,152758,1411636,8745999,7059015,1365147,62758,19806,10157635,124612,1322743,7557745,6373801,961424,30011,5975,8880488,504349,2876438,4709656,2821586,1042909,28086,2660,7586094,12752,115636,172633,111826,33295,1340,288,288269,491597,2760802,4537023,2709760,1009614,26746,2372,7297825,51254,10913406,1194561,845616,158015,5950,1241,12107967,22755,5273024,601312,431110,77538,3406,1016,5874336,28499,5640382,593249,414506,80477,2544,225,6233631,85003,328904,369458,134504,108456,12728,5396,698362,71522,93883,277772,86633,89345,10856,5182,371655,13481,235021,91686,47871,19111,1872,214,326707,1814,10418,13081,6967,3187,151,77,23499,1217,3788,7938,3974,2099,121,73,11726,597,6630,5143,2993,1088,30,4,11773,195718,377838,1195190,571735,309628,36028,6559,1573028,98930,111270,634903,284927,178319,23872,5386,746173,96788,266568,560287,286808,131309,12156,1173,826855,0,0,0,0,0,0,0,0,2011,0,0,0,0,0,0,0,0,0,0,0,0,0,2.77,0.02
19, Maharashtra,2569250,20422975,42523480,25711890,11423231,689047,341597,62946455,767004,8554789,17071392,10810888,4370395,350448,227860,25626181,1802246,11868186,25452088,14901002,7052836,338599,113737,37320274,211,15603,7134,4259,964,61,25,22737,150,8048,5000,3168,690,42,20,13048,61,7555,2134,1091,274,19,5,9689,584757,4266102,24146471,17046617,5677750,300800,209911,28412573,328513,2247768,13171448,9093149,3216274,188794,153563,15419216,256244,2018334,10975023,7953468,2461476,112006,56348,12993357,1297881,2998749,12278696,5862819,4115449,143893,40559,15277445,35927,145265,394761,196260,120021,5934,2476,540026,1261954,2853484,11883935,5666559,3995428,137959,38083,14737419,108131,12704921,2754879,1728233,466086,20139,8652,15459800,39512,5936736,1239378,812131,207155,10279,5945,7176114,68619,6768185,1515501,916102,258931,9860,2707,8283686,227373,119940,1199969,318373,446360,104898,42120,1319909,178720,59642,948690,244379,370016,76364,35433,1008332,48653,60298,251279,73994,76344,28534,6687,311577,2371,20794,34755,19128,9484,437,271,55549,1524,7356,19250,9873,5923,296,225,26606,847,13438,15505,9255,3561,141,46,28943,348526,296866,2101576,732461,707138,118819,40059,2398442,182658,149974,1292865,451928,450316,68739,30198,1442839,165868,146892,808711,280533,256822,50080,9861,955603,1043,905,2317,1874,1737,1201,143,39,2011,6,107,80,15,5,213,6,32,9,3,0,50,263,31.65,234.06
20, Manipur,65735,593966,957218,602072,247813,6554,3193,1551184,28883,258821,440357,282696,111060,3522,1222,699178,36852,335145,516861,319376,136753,3032,1971,852006,8,171,68,46,4,1,0,239,7,76,32,19,3,0,0,108,1,95,36,27,1,1,0,131,18301,161101,661418,479287,152192,2659,1421,822519,10448,82470,346727,248286,81713,1451,627,429197,7853,78631,314691,231001,70479,1208,794,393322,15845,73518,134199,64229,42935,517,356,207717,876,4887,8571,4277,2459,40,17,13458,14969,68631,125628,59952,40476,477,339,194259,3830,336318,43917,23578,9505,252,100,380235,1767,162661,21453,11855,4396,134,35,184114,2063,173657,22464,11723,5109,118,65,196121,4676,3994,17534,5920,5354,508,158,21528,3762,1063,13896,4555,4344,421,131,14959,914,2931,3638,1365,1010,87,27,6569,255,597,1052,383,328,13,5,1649,196,227,722,249,221,9,3,949,59,370,330,134,107,4,2,700,22820,18267,99030,28629,37495,2604,1153,117297,11827,7437,48956,13455,17924,1467,409,56393,10993,10830,50074,15174,19571,1137,744,60904,1159,694,5692,2640,3865,1659,171,67,2011,0,299,203,71,18,591,3,50,7,6,1,67,658,17.35,197.92
21, Meghalaya,25515,808713,972557,766449,147004,3237,1159,1781270,8951,374769,413354,330910,59951,1485,624,788123,16564,433944,559203,435539,87053,1752,535,993147,1,259,69,49,8,0,0,328,0,94,43,33,5,0,0,137,1,165,26,16,3,0,0,191,9097,176427,719432,598193,101603,1554,730,895859,4176,89824,354556,295764,48995,789,406,444380,4921,86603,364876,302429,52608,765,324,451479,6022,71577,142243,102024,24063,417,64,213820,156,5532,6483,4796,876,24,4,12015,5866,66045,135760,97228,23187,393,60,201805,1251,542463,47809,34655,4861,127,33,590272,424,271047,20724,14903,1861,52,18,291771,827,271416,27085,19752,3000,75,15,298501,2697,2096,11771,4860,3200,365,95,13867,1700,599,6922,2722,1895,232,61,7521,997,1497,4849,2138,1305,133,34,6346,143,832,1440,848,369,16,0,2272,57,246,406,196,129,6,0,652,86,586,1034,652,240,10,0,1620,6304,15059,49793,25820,12900,758,237,64852,2438,7427,24220,12496,6190,382,135,31647,3866,7632,25573,13324,6710,376,102,33205,1,1,6,9,10,5,1,0,2011,0,1,4,1,0,6,0,0,0,0,0,0,6,36.89,10.22
22, Mizoram,10914,203138,407363,310801,78139,1559,484,610501,4679,95875,168724,129138,31974,970,204,264599,6235,107263,238639,181663,46165,589,280,345902,1,21,23,18,3,0,0,44,0,14,16,14,1,0,0,30,1,7,7,4,2,0,0,14,3973,44163,261853,205650,50194,679,253,306016,1938,22351,134733,106641,25049,430,102,157084,2035,21812,127120,99009,25145,249,151,148932,2134,11776,87178,67519,15177,130,52,98954,171,801,4928,3778,850,15,5,5729,1963,10975,82250,63741,14327,115,47,93225,338,145172,20174,16367,2154,19,8,165346,211,71905,9748,7829,1131,14,4,81653,127,73267,10426,8538,1023,5,4,83693,681,398,8230,5574,1445,270,68,8628,578,126,5594,3629,982,248,46,5720,103,272,2636,1945,463,22,22,2908,49,146,961,718,163,4,1,1107,33,56,444,310,90,2,1,500,16,90,517,408,73,2,0,607,3738,1462,28944,14955,9003,457,102,30406,1748,622,13261,6937,3871,261,46,13883,1990,840,15683,8018,5132,196,56,16523,15,3,43,26,48,8,5,5,2011,0,12,6,0,0,18,0,1,2,0,0,3,21,11.87,3.61
23, NCT of Delhi,1043554,3362445,7838447,4170149,2202087,135832,39791,11200892,256916,1279857,2945443,1771482,772016,62952,20435,4225300,786638,2082588,4893004,2398667,1430071,72880,19356,6975592,36,1533,540,329,99,8,2,2073,20,882,389,243,74,5,2,1271,16,651,151,86,25,3,0,802,216797,552220,4141017,2803007,1006391,55480,19612,4693237,110469,298069,2260996,1529832,549979,36091,11539,2559065,106328,254151,1880021,1273175,456412,19389,8073,2134172,570589,835378,2536949,931951,849495,37448,6721,3372327,4597,13568,28494,12423,8990,512,163,42062,565992,821810,2508455,919528,840505,36936,6558,3330265,49216,1863274,452048,241988,122856,4917,1729,2315322,19845,925578,201712,106024,58159,2482,1008,1127290,29371,937696,250336,135964,64697,2435,721,1188032,87814,41692,241345,43685,75059,17411,6831,283037,69503,13217,185193,28314,61982,13151,4851,198410,18311,28475,56152,15371,13077,4260,1980,84627,3740,6515,20740,7387,8047,373,147,27255,2591,2110,13947,4433,5858,287,116,16057,1149,4405,6793,2954,2189,86,31,11198,115362,61833,445808,141802,140140,20195,4749,507641,49891,26433,254712,90213,86974,10424,2756,281145,65471,35400,191096,51589,53166,9771,1993,226496,0,1,55,6,22,6,0,0,2011,0,15,11,0,0,26,0,1,0,0,0,1,27,20.4,2.27
24, Nagaland,27303,394079,610301,434470,122142,2140,1603,1004380,12566,190659,286633,206844,54663,1234,1013,477292,14737,203420,323668,227626,67479,906,590,527088,1,85,13,9,2,0,0,98,0,44,7,5,1,0,0,51,1,41,6,4,1,0,0,47,10208,112134,442125,343159,80595,905,877,554259,5091,57549,229230,178376,40927,532,577,286779,5117,54585,212895,164783,39668,373,300,267480,3735,24335,73464,45346,17787,168,121,97799,191,2634,4514,2974,873,12,23,7148,3544,21701,68950,42372,16914,156,98,90651,1338,249417,29110,18513,4627,67,55,278527,675,125994,14835,9276,2286,50,33,140829,663,123423,14275,9237,2341,17,22,137698,932,1729,11788,6870,2934,174,97,13517,791,885,8757,5111,2085,148,84,9642,141,844,3031,1759,849,26,13,3875,76,411,816,458,213,6,5,1227,59,155,485,235,147,6,5,640,17,256,331,223,66,0,0,587,11013,5968,52985,20115,15984,820,448,58953,5759,3398,28805,10867,8344,486,291,32203,5254,2570,24180,9248,7640,334,157,26750,1,0,15,5,9,3,0,0,2011,0,0,1,0,0,1,0,0,0,0,0,0,1,18.88,3.76
25, Odisha,565622,9467751,14964878,11052349,2717293,121095,91696,24432629,186175,3540445,5769036,4259135,1049731,66896,73535,9309481,379447,5927306,9195842,6793214,1667562,54199,18161,15123148,60,12112,4562,3596,335,17,8,16674,50,5676,3542,2848,266,12,8,9218,10,6436,1020,748,69,5,0,7456,77079,1356274,7569384,6197403,1137117,36478,49749,8925658,42801,695789,3963690,3188288,628634,25055,40976,4659479,34278,660485,3605694,3009115,508483,11423,8773,4266179,211010,1586976,3836217,2652611,780588,25993,3961,5423193,6347,62757,162208,117537,28357,1061,841,224965,204663,1524219,3674009,2535074,752231,24932,3120,5198228,57860,5733821,1581234,1172434,238949,8639,3896,7315055,14524,2582750,593147,459190,72518,3552,2975,3175897,43336,3151071,988087,713244,166431,5087,921,4139158,36821,438070,374146,196553,96561,20718,4547,812216,33506,110583,285173,132306,85782,18351,4254,395756,3315,327487,88973,64247,10779,2367,293,416460,1165,7708,12048,7057,2945,191,120,19756,840,2447,6788,3540,1873,149,117,9235,325,5261,5260,3517,1072,42,3,10521,181627,332790,1587287,822695,460798,29059,29415,1920077,88107,80443,754488,355426,232301,18716,24364,834931,93520,252347,832799,467269,228497,10343,5051,1085146,560,420,1230,856,1056,778,214,127,2011,32,149,149,49,2,381,11,65,48,19,6,149,530,32.59,138.53
26, Puducherry,41092,228782,574203,309531,178492,16187,14736,802985,10517,84457,195123,109153,57173,7020,7598,279580,30575,144325,379080,200378,121319,9167,7138,523405,0,68,20,7,8,0,1,88,0,29,16,6,5,0,1,45,0,39,4,1,3,0,0,43,7064,57181,264370,169982,74302,5682,5469,321551,3469,29000,136609,87421,37644,3305,3724,165609,3595,28181,127761,82561,36658,2377,1745,155942,18073,34036,178468,84655,62885,3635,2906,212504,245,755,2556,1138,894,87,89,3311,17828,33281,175912,83517,61991,3548,2817,209193,2860,106190,43825,23538,13012,1047,1081,150015,892,47520,14677,7576,4382,450,615,62197,1968,58670,29148,15962,8630,597,466,87818,3288,26710,33260,17038,9261,1046,915,59970,2676,5694,19374,7806,6661,787,665,25068,612,21016,13886,9232,2600,259,250,34902,119,367,1587,808,530,29,45,1954,90,99,876,366,329,21,40,975,29,268,711,442,201,8,5,979,9688,4230,52673,13503,18494,4748,4319,56903,3145,1360,21015,4840,7258,2370,2464,22375,6543,2870,31658,8663,11236,2378,1855,34528,4,7,125,34,257,111,10,9,2011,0,13,15,19,25,72,0,19,2,1,10,32,104,9.69,1.24
27, Punjab,666200,6482877,11363099,6592162,3472912,173133,127525,17845976,150188,2324090,4241218,2748618,1110436,65141,66882,6565308,516012,4158787,7121881,3843544,2362476,107992,60643,11280668,40,5869,1355,905,246,3,4,7224,24,3661,1045,717,184,2,3,4706,16,2208,310,188,62,1,1,2518,133297,1058213,5717298,4092566,1291647,80608,61468,6775511,52795,578341,3144292,2306944,674590,38106,38885,3722633,80502,479872,2573006,1785622,617057,42502,22583,3052878,347862,1999078,3896502,1794851,1524299,41615,18980,5895580,9253,83772,150771,72351,57399,1616,1366,234543,338609,1915306,3745731,1722500,1466900,39999,17614,5661037,31564,2959900,571143,316932,160713,5459,4174,3531043,9303,1484576,267396,154677,73167,2067,2387,1751972,22261,1475324,303747,162255,87546,3392,1787,1779071,47192,220148,288465,84410,106474,13366,22834,508613,38185,78010,212912,55349,89863,9508,11913,290922,9007,142138,75553,29061,16611,3858,10921,217691,959,6219,10119,4886,3582,116,124,16338,541,2862,5392,2370,2115,72,79,8254,418,3357,4727,2516,1467,44,45,8084,105286,233450,878217,297612,385951,31966,19941,1111667,40087,92868,459410,156210,213118,13770,12249,552278,65199,140582,418807,141402,172833,18196,7692,559389,273,46,193,75,283,87,6,3,2011,0,48,26,12,8,94,0,4,2,0,0,6,100,8.26,23.18
28, Rajasthan,974548,17592510,21069672,15380866,3691202,208970,80141,38662182,374189,7082375,10171546,7424819,1913424,118673,60090,17253921,600359,10510135,10898126,7956047,1777778,90297,20051,21408261,86,19014,3534,2557,313,13,5,22548,72,10300,3007,2227,272,9,4,13307,14,8714,527,330,41,4,1,9241,309907,2232173,15166181,11937063,2574895,93024,56953,17398354,191105,1188579,8740963,6698563,1623773,61750,44108,9929542,118802,1043594,6425218,5238500,951122,31274,12845,7468812,378816,2960513,3605166,2188900,714036,31992,3561,6565679,6676,98704,106756,71903,15396,1178,278,205460,372140,2861809,3498410,2116997,698640,30814,3283,6360219,32711,11811405,1010812,723470,98540,4839,1248,12822217,14912,5630092,513883,361683,54395,2716,940,6143975,17799,6181313,496929,361787,44145,2123,308,6678242,66473,138057,306956,97469,97477,16816,7579,445013,58821,40194,260631,75405,89006,14885,6556,300825,7652,97863,46325,22064,8471,1931,1023,144188,1144,10628,10945,6035,2644,126,51,21573,867,4071,7289,3724,2015,108,41,11360,277,6557,3656,2311,629,18,10,10213,185411,420720,966078,425372,203297,62160,10744,1386798,101736,110435,539017,211314,128567,38027,8163,649452,83675,310285,427061,214058,74730,24133,2581,737346,626,458,1392,570,887,267,111,37,2011,0,63,42,9,0,114,0,9,4,1,0,14,128,14.71,102.92
29, Sikkim,8518,101337,201102,150129,34656,1067,446,302439,3164,42365,86347,65705,13793,590,268,128712,5354,58972,114755,84424,20863,477,178,173727,1,30,30,18,6,0,0,60,1,16,23,14,3,0,0,39,0,14,7,4,3,0,0,21,2976,32417,139903,112108,21753,552,319,172320,1313,16532,70049,56160,10574,326,195,86581,1663,15885,69854,55948,11179,226,124,85739,1847,15760,34304,23294,6981,127,23,50064,83,863,1985,1436,320,9,2,2848,1764,14897,32319,21858,6661,118,21,47216,422,49290,8839,6163,1173,33,14,58129,175,23206,4534,3253,526,14,8,27740,247,26084,4305,2910,647,19,6,30389,343,1477,2933,1478,777,92,25,4410,259,572,2288,1189,586,81,22,2860,84,905,645,289,191,11,3,1550,57,135,415,212,104,8,1,550,41,51,279,144,67,6,1,330,16,84,136,68,37,2,0,220,2872,2228,14678,6856,3862,255,64,16906,1292,1125,7189,3509,1717,154,40,8314,1580,1103,7489,3347,2145,101,24,8592,52,36,46,33,7,7,2,1,2011,0,3,9,5,0,17,0,1,3,5,0,9,26,8.19,0.51
30, Tamil Nadu,1557654,12182207,27080142,15334642,7915019,638466,587269,39262349,436857,4654535,10048462,5910907,2767259,298051,331887,14702997,1120797,7527672,17031680,9423735,5147760,340415,255382,24559352,104,4084,2165,1287,405,41,31,6249,56,2130,1341,833,233,21,25,3471,48,1954,824,454,172,20,6,2778,300678,2813834,14178641,9429073,3785189,244873,246000,16992475,152263,1441571,7411415,4891919,1945832,148467,175108,8852986,148415,1372263,6767226,4537154,1839357,96406,70892,8139489,607368,1822399,6972924,3401532,2315246,123559,84434,8795323,8189,43298,119341,58347,36331,3334,3752,162639,599179,1779101,6853583,3343185,2278915,120225,80682,8632684,200159,7062544,3206336,1766310,870763,60074,53513,10268880,45915,3009213,981742,568571,234353,21965,27507,3990955,154244,4053331,2224594,1197739,636410,38109,26006,6277925,118480,229295,733666,198732,292486,37032,45624,962961,95748,51773,521309,117916,224007,28251,29821,573082,22732,177522,212357,80816,68479,8781,15803,389879,4422,25036,65831,35731,19203,963,1276,90867,2896,7208,34639,16890,11047,733,1105,41847,1526,17828,31192,18841,8156,230,171,49020,326443,225015,1920579,501977,631727,171924,156391,2145594,131790,99342,978675,256431,315456,95280,94569,1078017,194653,125673,941904,245546,316271,76644,61822,1067577,2576,1346,4510,2602,2803,1413,393,320,2011,14,408,596,599,146,1763,15,239,114,85,18,471,2234,11.28,82.63
31, Tripura,48172,651950,1552446,1172391,256685,4671,2512,2204396,17552,271223,557827,419895,101274,2902,1744,829050,30620,380727,994619,752496,155411,1769,768,1375346,14,684,674,521,39,0,0,1358,12,169,388,297,32,0,0,557,2,515,286,224,7,0,0,801,7182,110130,792455,658889,117687,1539,1396,902585,3960,56485,414561,339134,66473,995,929,471046,3222,53645,377894,319755,51214,544,467,431539,9301,57538,295780,216656,44225,252,85,353318,187,2020,5661,4121,824,14,6,7681,9114,55518,290119,212535,43401,238,79,345637,2170,431554,102075,77450,9871,152,70,533629,920,202658,38462,29033,4183,92,54,241120,1250,228896,63613,48417,5688,60,16,292509,6630,16366,45641,22354,11077,1082,283,62007,5168,3640,26607,10399,7989,828,267,30247,1462,12726,19034,11955,3088,254,16,31760,96,1551,2324,1577,388,8,3,3875,54,537,1038,636,228,7,3,1575,42,1014,1286,941,160,1,0,2300,22779,34127,313497,194944,73398,1638,675,347624,7251,5714,71110,36275,21545,966,485,76824,15528,28413,242387,158669,51853,672,190,270800,6,5,373,196,67,55,1,0,2011,0,1,1,0,0,2,0,0,0,0,0,0,2,14.05,5.24
32, Uttar Pradesh,3954080,61490935,72506691,50589097,14503211,424218,85039,133997626,1449367,21857025,32776723,23383144,6463832,253800,69895,54633748,2504713,39633910,39729968,27205953,8039379,170418,15144,79363878,507,44575,12463,8398,1708,51,9,57038,384,25720,10225,7059,1412,36,9,35945,123,18855,2238,1339,296,15,0,21093,1234359,7163062,48495289,37444259,8849253,208998,58045,55658351,717084,3683636,26432430,20173503,4928726,148538,49325,30116066,517275,3479426,22062859,17270756,3920527,60460,8720,25542285,1633945,17935996,14811523,8308104,3578864,79325,5120,32747519,67791,653503,840385,481705,193995,5506,891,1493888,1566154,17282493,13971138,7826399,3384869,73819,4229,31253631,256981,33981899,4634546,2991500,718311,19943,2853,38616445,105264,16551958,2305605,1491929,345522,11408,2265,18857563,151717,17429941,2328941,1499571,372789,8535,588,19758882,152104,535702,689096,209304,240411,29745,7367,1224798,130301,150721,538783,136322,206155,26089,7018,689504,21803,384981,150313,72982,34256,3656,349,535294,4028,25864,27488,12235,8209,412,96,53352,2714,10289,16971,6843,5552,325,87,27260,1314,15575,10517,5392,2657,87,9,26092,672156,1803837,3836286,1615297,1106455,85744,11549,5640123,425829,781198,2632324,1085783,782470,61898,10300,3413522,246327,1022639,1203962,529514,323985,23846,1249,2226601,654,473,990,815,951,788,118,54,2011,1,132,86,29,11,259,3,22,27,9,2,63,322,29.43,598.19
33, Uttarakhand,362999,2261097,3952920,2518076,934549,48397,16791,6214017,106127,861630,1724222,1149568,405095,26520,12473,2585852,256872,1399467,2228698,1368508,529454,21877,4318,3628165,118,1981,1094,675,201,11,4,3075,101,1258,961,598,182,8,4,2219,17,723,133,77,19,3,0,856,104860,367969,2569386,1858296,552176,24925,11303,2937355,51412,193823,1379261,994130,298408,16524,8338,1573084,53448,174146,1190125,864166,253768,8401,2965,1364271,155820,487371,843628,415279,234194,7938,755,1330999,2039,10642,20550,12265,5071,221,63,31192,153781,476729,823078,403014,229123,7717,692,1299807,12271,1300247,166129,109571,29911,1250,424,1466376,4242,630044,77868,52962,13874,636,347,707912,8029,670203,88261,56609,16037,614,77,758464,22446,64389,143544,61570,49523,3839,1715,207933,18733,12523,118135,47363,44824,3055,1611,130658,3713,51866,25409,14207,4699,784,104,77275,615,1466,3584,1555,1209,68,32,5050,382,423,2019,766,735,57,32,2442,233,1043,1565,789,474,11,0,2608,66869,37674,225555,71130,67335,10366,2558,263229,29218,12917,125428,41484,42001,6019,2078,138345,37651,24757,100127,29646,25334,4347,480,124884,17,12,57,54,102,47,16,12,2011,1,12,13,7,3,36,0,3,2,0,0,5,41,11.26,11.6
34, West Bengal,1920292,20282309,36237451,26651895,6424882,130069,55553,56519760,725277,7056464,13036516,9430205,2458582,79774,45435,20092980,1195015,13225845,23200935,17221690,3966300,50295,10118,36426780,540,60353,14730,10381,1777,34,13,75083,374,20717,9738,6981,1292,25,10,30455,166,39636,4992,3400,485,9,3,44628,316647,2358802,17705006,14355729,2840347,38902,25401,20063808,180415,1195688,9073116,7209769,1560605,27207,20465,10268804,136232,1163114,8631890,7145960,1279742,11695,4936,9795004,551700,4048316,8308309,5874354,1450048,17312,2432,12356625,15503,143151,260879,189876,38844,963,496,404030,536197,3905165,8047430,5684478,1411204,16349,1936,11952595,133663,11609433,2682981,1988619,347731,6910,3057,14292414,54686,5317110,1199729,901704,151332,3899,2632,6516839,78977,6292323,1483252,1086915,196399,3011,425,7775575,215731,265218,809537,283731,240792,25062,11396,1074755,177286,74893,579788,159293,191573,20748,10822,654681,38445,190325,229749,124438,49219,4314,574,420074,7085,44304,60002,34746,13620,466,367,104306,4887,16013,32251,16266,8707,384,354,48264,2198,28291,27751,18480,4913,82,13,56042,694926,1895883,6656886,4104335,1530567,41383,12887,8552769,292126,288892,1881015,946316,506229,26548,10656,2169907,402800,1606991,4775871,3158019,1024338,14835,2231,6382862,1272,1117,5817,4378,2329,1242,206,131,2011,0,394,638,139,24,1195,0,138,163,76,6,383,1578,19.98,184.98
